{"-1001170546171":{"owners":{"300131107":"@xX\\_A\\_l\\_i\\_Xx"},"banned":[],"whitelist":[],"filterlist":[],"settings":{"lock_bots":"yes","lock_spam":"yes","mute_voice":"no","mute_document":"no","mute_keyboard":"yes","lock_tabchi":"no","welcome":"no","mute_all":"no","set_char":40,"english":"no","ads":"no","emoji":"no","mute_inline":"no","mute_game":"no","mute_video":"no","time_check":5,"views":"no","flood":"yes","set_name":"5.7","lock_link":"yes","lock_mention":"no","lock_markdown":"no","mute_audio":"no","lock_hashtags":"no","mute_sticker":"no","lock_webpage":"yes","mute_location":"no","mute_tgservice":"no","lock_username":"yes","lock_arabic":"no","num_msg_max":5,"mute_contact":"yes","mute_text":"no","lock_join":"no","mute_gif":"no","lock_pin":"no","lock_edit":"no","fosh":"no","mute_forward":"yes","mute_photo":"no"},"mods":{"508149450":"@Setare\\_plus\\_plus","300131107":"@xX\\_A\\_l\\_i\\_Xx"},"is_silent_users":[]},"-1001299234893":{"owners":[],"banned":[],"whitelist":[],"filterlist":[],"settings":{"lock_join":"no","lock_spam":"yes","mute_voice":"no","mute_contact":"yes","mute_keyboard":"yes","lock_tabchi":"no","welcome":"no","mute_all":"no","mute_forward":"yes","english":"no","ads":"no","emoji":"no","mute_inline":"no","mute_game":"no","mute_video":"no","time_check":5,"views":"no","flood":"yes","set_name":"Config.co","lock_link":"yes","lock_mention":"no","lock_markdown":"no","mute_photo":"no","lock_webpage":"yes","mute_tgservice":"no","lock_hashtags":"no","mute_location":"no","set_char":40,"lock_username":"yes","lock_arabic":"no","num_msg_max":5,"mute_document":"no","mute_text":"no","lock_bots":"yes","mute_gif":"no","mute_audio":"no","lock_edit":"no","fosh":"no","lock_pin":"no","mute_sticker":"no"},"mods":[],"is_silent_users":{"495760297":"@ZzZ\\_saba\\_ZzZ"}},"groups":{"-1001170546171":"-1001170546171","-1001299234893":"-1001299234893","-1001179693942":"-1001179693942","-277005971":-277005971,"-1001259220403":"-1001259220403"},"-1001179693942":{"setwelcome":". {name} عزیز ❤️❤️🌸🌸 خوش اومدی 🌸🌸❤️❤️","is_silent_users":[],"banned":[],"whitelist":[],"mods":{"301140969":"@Mahkoom14","502692284":"@SSH7678","488882383":"A....","132622188":"@Hossain73\\_73","334050519":"@YeDeyMahi","141645555":"فرزانــــƒαяzαηєـــــه"},"owners":{"141645555":"فرزانــــƒαяzαηєـــــه"},"filterlist":[],"settings":{"lock_join":"no","lock_spam":"yes","mute_voice":"no","mute_document":"no","lock_username":"yes","lock_tabchi":"no","welcome":"yes","mute_all":"no","lock_pin":"no","english":"no","ads":"no","emoji":"no","mute_inline":"no","mute_game":"no","mute_video":"no","time_check":5,"views":"no","flood":"yes","set_name":"گپ خوبان🌷❤","lock_link":"yes","lock_mention":"no","lock_markdown":"no","set_char":40,"mute_forward":"yes","mute_photo":"no","lock_edit":"no","mute_location":"no","mute_sticker":"no","mute_keyboard":"yes","lock_arabic":"no","num_msg_max":5,"lock_bots":"yes","mute_text":"no","mute_contact":"yes","mute_gif":"no","mute_tgservice":"no","lock_webpage":"yes","fosh":"no","lock_hashtags":"no","mute_audio":"no"},"pin":"111594700800"},"-277005971":{"owners":[],"banned":[],"whitelist":[],"is_silent_users":[],"settings":{"lock_join":"no","lock_spam":"yes","mute_voice":"no","mute_document":"no","lock_username":"yes","lock_tabchi":"no","welcome":"no","mute_all":"no","lock_pin":"no","english":"no","ads":"no","emoji":"no","mute_inline":"no","mute_game":"no","mute_video":"no","time_check":5,"views":"no","flood":"yes","set_name":"5.7","lock_link":"yes","lock_mention":"no","lock_markdown":"no","mute_photo":"no","set_char":40,"mute_tgservice":"no","lock_edit":"no","mute_location":"no","mute_forward":"yes","mute_keyboard":"yes","lock_arabic":"no","num_msg_max":5,"lock_bots":"yes","mute_text":"no","mute_contact":"yes","mute_gif":"no","mute_audio":"no","lock_webpage":"yes","fosh":"no","lock_hashtags":"no","mute_sticker":"no"},"mods":{"499637676":"@Alone\\_Member"},"filterlist":[]},"-1001259220403":{"setwelcome":"{name} عزیز خوش اومدی 🌻🌸🌸🌺🌷 ❤️❤️💝","is_silent_users":{},"banned":{},"whitelist":[],"mods":{"529522095":"@Mjooon2744","472509577":"@Sarreww","477677261":"F.M","200655879":"@javad\\_nasirii","488568299":"💖Ljke💖","482568365":"@bodygard\\_bot","132622188":"@Hossain73\\_73","508149450":"@Setare\\_plus\\_plus","496078787":".\\*\\*\\*:｡.✿الناز ✿.｡:\\* \\*\\*:."},"owners":{"529522095":"@Mjooon2744"},"filterlist":[],"settings":{"lock_join":"no","lock_spam":"yes","mute_voice":"no","mute_contact":"yes","mute_keyboard":"yes","lock_tabchi":"no","welcome":"yes","mute_all":"no","lock_pin":"no","english":"no","ads":"no","emoji":"no","mute_inline":"no","mute_game":"no","mute_video":"no","time_check":5,"views":"no","flood":"yes","set_name":"👫👭دورهمـــــــــــــــــــی👭👬","lock_link":"yes","lock_mention":"no","lock_markdown":"no","mute_audio":"no","lock_webpage":"yes","mute_sticker":"no","lock_hashtags":"no","mute_location":"no","mute_tgservice":"no","lock_username":"yes","lock_arabic":"no","num_msg_max":5,"mute_document":"no","mute_text":"no","lock_bots":"yes","mute_gif":"no","mute_forward":"yes","lock_edit":"no","fosh":"no","set_char":40,"mute_photo":"no"},"pin":"14321451008"}}